{
  "lead_interval_h": 8.985899464816537,
  "first_active_dem_fraction": 0.017578125,
  "mesh_lead_intervals_h": [
    9.261419904657362,
    8.985899464816537,
    9.038505640257217
  ]
}