rank,model,holdout_cases,k_metric_cases,classification_error_rate,fines_loss_mae_percent,observed_fines_loss_range_percent,normalized_fines_loss_mae,k_over_k0_mae,observed_k_over_k0_range,normalized_k_over_k0_mae,composite_holdout_residual_ranking_score
1,Full FEM-Dijkstra-DEM screening model,3,2,0.0,1.0630084669177104,9.7,0.10958850174409387,0.0,1.0,0.0,0.10958850174409387
2,FEM + Dijkstra without DEM closure,3,2,0.0,3.244444444444444,9.7,0.3344788087056128,0.5,1.0,0.5,0.8344788087056128
3,Simple empirical score,3,2,0.0,2.995757822490243,9.7,0.3088410126278601,1.6825724270310431,1.0,1.6825724270310431,1.9914134396589032
4,FEM-only hydraulic score,3,2,0.3333333333333333,4.223906448232115,9.7,0.4354542730136201,1.2497724640079428,1.0,1.2497724640079428,2.018560070354896
5,Critical-gradient cutoff,3,2,0.6666666666666666,7.600000000000001,9.7,0.7835051546391755,1.5499999999999998,1.0,1.5499999999999998,3.000171821305842
